,0
dew,0.40997678
windgust,0.14871101
severityScore,0.11022691
heatIndex,0.10625552
humidity,0.05431484
windspeed,0.030715989
tempmax,0.018861767
feelslike,0.016180718
tempRange,0.012503924
feelslikemax,0.009591576
sunriseEpoch,0.008763781
severerisk,0.0087507805
datetimeEpoch,0.0070749405
solarradiation,0.0058445376
temp,0.00489724
uvindex,0.0048159407
co2,0.004716062
dayOfWeek,0.0046506408
pressure,0.004097522
sunsetEpoch,0.0040075476
cloudcover,0.0035995494
solarenergy,0.003373032
tempmin,0.0031772002
winddir,0.0029831184
feelslikemin,0.0025385304
precipprob,0.0022687726
isWeekend,0.0018161025
moonphase,0.0015971365
precipcover,0.0012207971
visibility,0.0009299523
precip,0.00083452463
no2,0.00037210906
pm2.5,0.00033119347
month,0.0
